detector - descriptor,Frame,lidar TTC,Camera TTC,Difference,
SHITOMASI-BRISK,Frame1,12.289100,9.666323,2.622777,
SHITOMASI-BRISK,Frame2,13.354725,10.059905,3.294820,
SHITOMASI-BRISK,Frame3,16.384452,10.076003,6.308449,
SHITOMASI-BRISK,Frame4,14.076445,9.454109,4.622337,
SHITOMASI-BRISK,Frame5,12.729945,9.964323,2.765622,
SHITOMASI-BRISK,Frame6,13.751074,10.762337,2.988737,
SHITOMASI-BRISK,Frame7,13.731432,8.818100,4.913331,
SHITOMASI-BRISK,Frame8,13.790126,8.951736,4.838390,
SHITOMASI-BRISK,Frame9,12.058994,8.863053,3.195941,
SHITOMASI-BRISK,Frame10,11.864185,10.648800,1.215385,
SHITOMASI-BRISK,Frame11,11.968197,8.766479,3.201718,
SHITOMASI-BRISK,Frame12,9.887113,8.750865,1.136248,
SHITOMASI-BRISK,Frame13,9.425037,9.779807,0.354770,
SHITOMASI-BRISK,Frame14,9.302148,8.360266,0.941882,
SHITOMASI-BRISK,Frame15,8.321200,9.692020,1.370820,
SHITOMASI-BRISK,Frame16,8.898673,8.574856,0.323817,
SHITOMASI-BRISK,Frame17,11.030114,8.417025,2.613089,
SHITOMASI-BRISK,Frame18,8.535568,9.201081,0.665513,
 , , , , ,
SHITOMASI-BRIEF,Frame1,12.289100,9.609327,2.679773,
SHITOMASI-BRIEF,Frame2,13.354725,9.392825,3.961900,
SHITOMASI-BRIEF,Frame3,16.384452,8.729978,7.654474,
SHITOMASI-BRIEF,Frame4,14.076445,9.372315,4.704130,
SHITOMASI-BRIEF,Frame5,12.729945,9.783079,2.946866,
SHITOMASI-BRIEF,Frame6,13.751074,10.247727,3.503347,
SHITOMASI-BRIEF,Frame7,13.731432,8.639783,5.091649,
SHITOMASI-BRIEF,Frame8,13.790126,9.436072,4.354054,
SHITOMASI-BRIEF,Frame9,12.058994,8.370314,3.688680,
SHITOMASI-BRIEF,Frame10,11.864185,9.173706,2.690480,
SHITOMASI-BRIEF,Frame11,11.968197,8.641123,3.327074,
SHITOMASI-BRIEF,Frame12,9.887113,7.871190,2.015923,
SHITOMASI-BRIEF,Frame13,9.425037,10.210659,0.785622,
SHITOMASI-BRIEF,Frame14,9.302148,8.360266,0.941882,
SHITOMASI-BRIEF,Frame15,8.321200,9.186746,0.865546,
SHITOMASI-BRIEF,Frame16,8.898673,8.550859,0.347815,
SHITOMASI-BRIEF,Frame17,11.030114,8.155890,2.874224,
SHITOMASI-BRIEF,Frame18,8.535568,8.864577,0.329009,
 , , , , ,
SHITOMASI-ORB,Frame1,12.289100,9.056337,3.232763,
SHITOMASI-ORB,Frame2,13.354725,9.026716,4.328009,
SHITOMASI-ORB,Frame3,16.384452,9.405618,6.978834,
SHITOMASI-ORB,Frame4,14.076445,9.354137,4.722309,
SHITOMASI-ORB,Frame5,12.729945,9.678158,3.051787,
SHITOMASI-ORB,Frame6,13.751074,10.676561,3.074513,
SHITOMASI-ORB,Frame7,13.731432,8.646120,5.085312,
SHITOMASI-ORB,Frame8,13.790126,9.416932,4.373194,
SHITOMASI-ORB,Frame9,12.058994,8.370314,3.688680,
SHITOMASI-ORB,Frame10,11.864185,10.103157,1.761028,
SHITOMASI-ORB,Frame11,11.968197,8.641123,3.327074,
SHITOMASI-ORB,Frame12,9.887113,8.307370,1.579744,
SHITOMASI-ORB,Frame13,9.425037,10.206101,0.781065,
SHITOMASI-ORB,Frame14,9.302148,8.360266,0.941882,
SHITOMASI-ORB,Frame15,8.321200,9.692020,1.370820,
SHITOMASI-ORB,Frame16,8.898673,8.688037,0.210636,
SHITOMASI-ORB,Frame17,11.030114,8.155890,2.874224,
SHITOMASI-ORB,Frame18,8.535568,8.878960,0.343392,
 , , , , ,
SHITOMASI-FREAK,Frame1,12.289100,9.666323,2.622777,
SHITOMASI-FREAK,Frame2,13.354725,10.059905,3.294820,
SHITOMASI-FREAK,Frame3,16.384452,9.200026,7.184427,
SHITOMASI-FREAK,Frame4,14.076445,9.454109,4.622337,
SHITOMASI-FREAK,Frame5,12.729945,9.912183,2.817762,
SHITOMASI-FREAK,Frame6,13.751074,11.785108,1.965966,
SHITOMASI-FREAK,Frame7,13.731432,8.961565,4.769867,
SHITOMASI-FREAK,Frame8,13.790126,9.598344,4.191781,
SHITOMASI-FREAK,Frame9,12.058994,8.915837,3.143157,
SHITOMASI-FREAK,Frame10,11.864185,10.517396,1.346789,
SHITOMASI-FREAK,Frame11,11.968197,8.666119,3.302078,
SHITOMASI-FREAK,Frame12,9.887113,8.734564,1.152549,
SHITOMASI-FREAK,Frame13,9.425037,10.355459,0.930422,
SHITOMASI-FREAK,Frame14,9.302148,8.472461,0.829687,
SHITOMASI-FREAK,Frame15,8.321200,9.932267,1.611067,
SHITOMASI-FREAK,Frame16,8.898673,8.697667,0.201006,
SHITOMASI-FREAK,Frame17,11.030114,7.697352,3.332762,
SHITOMASI-FREAK,Frame18,8.535568,9.269858,0.734290,
 , , , , ,
SHITOMASI-SIFT,Frame1,12.289100,9.056337,3.232763,
SHITOMASI-SIFT,Frame2,13.354725,8.893149,4.461576,
SHITOMASI-SIFT,Frame3,16.384452,8.767977,7.616475,
SHITOMASI-SIFT,Frame4,14.076445,9.372315,4.704130,
SHITOMASI-SIFT,Frame5,12.729945,9.783079,2.946866,
SHITOMASI-SIFT,Frame6,13.751074,10.247727,3.503347,
SHITOMASI-SIFT,Frame7,13.731432,8.646120,5.085312,
SHITOMASI-SIFT,Frame8,13.790126,9.214276,4.575850,
SHITOMASI-SIFT,Frame9,12.058994,8.631961,3.427034,
SHITOMASI-SIFT,Frame10,11.864185,9.683940,2.180245,
SHITOMASI-SIFT,Frame11,11.968197,8.794545,3.173652,
SHITOMASI-SIFT,Frame12,9.887113,8.178889,1.708224,
SHITOMASI-SIFT,Frame13,9.425037,10.340491,0.915454,
SHITOMASI-SIFT,Frame14,9.302148,8.360266,0.941882,
SHITOMASI-SIFT,Frame15,8.321200,9.692020,1.370820,
SHITOMASI-SIFT,Frame16,8.898673,8.550859,0.347815,
SHITOMASI-SIFT,Frame17,11.030114,8.155890,2.874224,
SHITOMASI-SIFT,Frame18,8.535568,8.917878,0.382310,
 , , , , ,
FAST-BRISK,Frame1,12.289100,9.400000,2.889100,
FAST-BRISK,Frame2,13.354725,9.783850,3.570875,
FAST-BRISK,Frame3,16.384452,10.178114,6.206339,
FAST-BRISK,Frame4,14.076445,10.475273,3.601173,
FAST-BRISK,Frame5,12.729945,9.526463,3.203482,
FAST-BRISK,Frame6,13.751074,10.432082,3.318992,
FAST-BRISK,Frame7,13.731432,9.976294,3.755138,
FAST-BRISK,Frame8,13.790126,10.378773,3.411353,
FAST-BRISK,Frame9,12.058994,9.700114,2.358880,
FAST-BRISK,Frame10,11.864185,10.198525,1.665661,
FAST-BRISK,Frame11,11.968197,8.872319,3.095878,
FAST-BRISK,Frame12,9.887113,9.048528,0.838586,
FAST-BRISK,Frame13,9.425037,8.838023,0.587014,
FAST-BRISK,Frame14,9.302148,8.222704,1.079444,
FAST-BRISK,Frame15,8.321200,8.785201,0.464001,
FAST-BRISK,Frame16,8.898673,7.929687,0.968987,
FAST-BRISK,Frame17,11.030114,9.251991,1.778122,
FAST-BRISK,Frame18,8.535568,9.765000,1.229432,
 , , , , ,
FAST-BRIEF,Frame1,12.289100,8.508827,3.780272,
FAST-BRIEF,Frame2,13.354725,8.212755,5.141970,
FAST-BRIEF,Frame3,16.384452,9.871834,6.512618,
FAST-BRIEF,Frame4,14.076445,9.476948,4.599497,
FAST-BRIEF,Frame5,12.729945,8.574856,4.155089,
FAST-BRIEF,Frame6,13.751074,9.476765,4.274309,
FAST-BRIEF,Frame7,13.731432,8.661178,5.070254,
FAST-BRIEF,Frame8,13.790126,10.550699,3.239427,
FAST-BRIEF,Frame9,12.058994,8.211437,3.847558,
FAST-BRIEF,Frame10,11.864185,9.375282,2.488903,
FAST-BRIEF,Frame11,11.968197,8.358685,3.609512,
FAST-BRIEF,Frame12,9.887113,8.732350,1.154763,
FAST-BRIEF,Frame13,9.425037,9.027625,0.397412,
FAST-BRIEF,Frame14,9.302148,7.187618,2.114530,
FAST-BRIEF,Frame15,8.321200,8.443254,0.122054,
FAST-BRIEF,Frame16,8.898673,8.053660,0.845014,
FAST-BRIEF,Frame17,11.030114,7.378073,3.652041,
FAST-BRIEF,Frame18,8.535568,9.307218,0.771650,
 , , , , ,
FAST-ORB,Frame1,12.289100,8.963407,3.325693,
FAST-ORB,Frame2,13.354725,8.841234,4.513491,
FAST-ORB,Frame3,16.384452,10.333630,6.050822,
FAST-ORB,Frame4,14.076445,10.055195,4.021251,
FAST-ORB,Frame5,12.729945,8.988462,3.741483,
FAST-ORB,Frame6,13.751074,10.115363,3.635711,
FAST-ORB,Frame7,13.731432,9.372315,4.359117,
FAST-ORB,Frame8,13.790126,9.729526,4.060600,
FAST-ORB,Frame9,12.058994,8.818080,3.240914,
FAST-ORB,Frame10,11.864185,9.956854,1.907331,
FAST-ORB,Frame11,11.968197,8.307493,3.660704,
FAST-ORB,Frame12,9.887113,9.031182,0.855932,
FAST-ORB,Frame13,9.425037,8.795382,0.629655,
FAST-ORB,Frame14,9.302148,7.450436,1.851712,
FAST-ORB,Frame15,8.321200,8.574856,0.253656,
FAST-ORB,Frame16,8.898673,7.929687,0.968987,
FAST-ORB,Frame17,11.030114,7.289877,3.740237,
FAST-ORB,Frame18,8.535568,9.686938,1.151370,
 , , , , ,
FAST-FREAK,Frame1,12.289100,9.245677,3.043423,
FAST-FREAK,Frame2,13.354725,9.889165,3.465560,
FAST-FREAK,Frame3,16.384452,9.871834,6.512618,
FAST-FREAK,Frame4,14.076445,9.805547,4.270898,
FAST-FREAK,Frame5,12.729945,9.158529,3.571417,
FAST-FREAK,Frame6,13.751074,10.115363,3.635711,
FAST-FREAK,Frame7,13.731432,10.020166,3.711266,
FAST-FREAK,Frame8,13.790126,10.449762,3.340364,
FAST-FREAK,Frame9,12.058994,9.166113,2.892881,
FAST-FREAK,Frame10,11.864185,10.320963,1.543222,
FAST-FREAK,Frame11,11.968197,9.088347,2.879850,
FAST-FREAK,Frame12,9.887113,8.715611,1.171502,
FAST-FREAK,Frame13,9.425037,9.161174,0.263863,
FAST-FREAK,Frame14,9.302148,8.552753,0.749395,
FAST-FREAK,Frame15,8.321200,8.957899,0.636698,
FAST-FREAK,Frame16,8.898673,8.072295,0.826378,
FAST-FREAK,Frame17,11.030114,7.998763,3.031350,
FAST-FREAK,Frame18,8.535568,9.157530,0.621962,
 , , , , ,
FAST-SIFT,Frame1,12.289100,7.905630,4.383470,
FAST-SIFT,Frame2,13.354725,8.242074,5.112651,
FAST-SIFT,Frame3,16.384452,9.499373,6.885079,
FAST-SIFT,Frame4,14.076445,9.716411,4.360035,
FAST-SIFT,Frame5,12.729945,8.222704,4.507241,
FAST-SIFT,Frame6,13.751074,9.170979,4.580095,
FAST-SIFT,Frame7,13.731432,8.201212,5.530220,
FAST-SIFT,Frame8,13.790126,10.024876,3.765249,
FAST-SIFT,Frame9,12.058994,8.222704,3.836290,
FAST-SIFT,Frame10,11.864185,8.933055,2.931130,
FAST-SIFT,Frame11,11.968197,8.307370,3.660827,
FAST-SIFT,Frame12,9.887113,9.158529,0.728585,
FAST-SIFT,Frame13,9.425037,8.416584,1.008453,
FAST-SIFT,Frame14,9.302148,7.338947,1.963200,
FAST-SIFT,Frame15,8.321200,8.079506,0.241694,
FAST-SIFT,Frame16,8.898673,7.738965,1.159709,
FAST-SIFT,Frame17,11.030114,6.306164,4.723950,
FAST-SIFT,Frame18,8.535568,9.238920,0.703352,
 , , , , ,
BRISK-BRISK,Frame1,12.289100,11.545278,0.743822,
BRISK-BRISK,Frame2,13.354725,16.065411,2.710686,
BRISK-BRISK,Frame3,16.384452,10.338044,6.046408,
BRISK-BRISK,Frame4,14.076445,10.337796,3.738649,
BRISK-BRISK,Frame5,12.729945,11.028530,1.701415,
BRISK-BRISK,Frame6,13.751074,13.609277,0.141797,
BRISK-BRISK,Frame7,13.731432,14.896513,1.165081,
BRISK-BRISK,Frame8,13.790126,13.984146,0.194021,
BRISK-BRISK,Frame9,12.058994,10.771062,1.287932,
BRISK-BRISK,Frame10,11.864185,9.487820,2.376365,
BRISK-BRISK,Frame11,11.968197,12.661806,0.693609,
BRISK-BRISK,Frame12,9.887113,11.626481,1.739367,
BRISK-BRISK,Frame13,9.425037,8.902082,0.522955,
BRISK-BRISK,Frame14,9.302148,8.879873,0.422275,
BRISK-BRISK,Frame15,8.321200,9.134091,0.812891,
BRISK-BRISK,Frame16,8.898673,10.513289,1.614616,
BRISK-BRISK,Frame17,11.030114,7.521841,3.508272,
BRISK-BRISK,Frame18,8.535568,7.937621,0.597947,
 , , , , ,
BRISK-BRIEF,Frame1,12.289100,10.637061,1.652039,
BRISK-BRIEF,Frame2,13.354725,13.579458,0.224734,
BRISK-BRIEF,Frame3,16.384452,10.118723,6.265729,
BRISK-BRIEF,Frame4,14.076445,11.200654,2.875791,
BRISK-BRIEF,Frame5,12.729945,12.855742,0.125797,
BRISK-BRIEF,Frame6,13.751074,11.955234,1.795840,
BRISK-BRIEF,Frame7,13.731432,13.940664,0.209232,
BRISK-BRIEF,Frame8,13.790126,12.680253,1.109873,
BRISK-BRIEF,Frame9,12.058994,11.574604,0.484391,
BRISK-BRIEF,Frame10,11.864185,9.262338,2.601848,
BRISK-BRIEF,Frame11,11.968197,12.612408,0.644211,
BRISK-BRIEF,Frame12,9.887113,10.324597,0.437484,
BRISK-BRIEF,Frame13,9.425037,7.829099,1.595938,
BRISK-BRIEF,Frame14,9.302148,7.953250,1.348898,
BRISK-BRIEF,Frame15,8.321200,9.594296,1.273095,
BRISK-BRIEF,Frame16,8.898673,8.627241,0.271432,
BRISK-BRIEF,Frame17,11.030114,7.964731,3.065382,
BRISK-BRIEF,Frame18,8.535568,6.869363,1.666205,
 , , , , ,
BRISK-ORB,Frame1,12.289100,11.637364,0.651736,
BRISK-ORB,Frame2,13.354725,18.665175,5.310450,
BRISK-ORB,Frame3,16.384452,11.981946,4.402507,
BRISK-ORB,Frame4,14.076445,12.041779,2.034667,
BRISK-ORB,Frame5,12.729945,11.636943,1.093002,
BRISK-ORB,Frame6,13.751074,13.717621,0.033453,
BRISK-ORB,Frame7,13.731432,13.230466,0.500966,
BRISK-ORB,Frame8,13.790126,13.093290,0.696835,
BRISK-ORB,Frame9,12.058994,11.404387,0.654607,
BRISK-ORB,Frame10,11.864185,9.187509,2.676677,
BRISK-ORB,Frame11,11.968197,12.900197,0.931999,
BRISK-ORB,Frame12,9.887113,10.324597,0.437484,
BRISK-ORB,Frame13,9.425037,8.564421,0.860616,
BRISK-ORB,Frame14,9.302148,8.557414,0.744734,
BRISK-ORB,Frame15,8.321200,9.384219,1.063018,
BRISK-ORB,Frame16,8.898673,9.264367,0.365693,
BRISK-ORB,Frame17,11.030114,7.199032,3.831082,
BRISK-ORB,Frame18,8.535568,7.700914,0.834654,
 , , , , ,
BRISK-FREAK,Frame1,12.289100,11.545278,0.743822,
BRISK-FREAK,Frame2,13.354725,18.612824,5.258099,
BRISK-FREAK,Frame3,16.384452,11.165914,5.218539,
BRISK-FREAK,Frame4,14.076445,11.112720,2.963725,
BRISK-FREAK,Frame5,12.729945,11.885627,0.844318,
BRISK-FREAK,Frame6,13.751074,13.057071,0.694003,
BRISK-FREAK,Frame7,13.731432,13.139274,0.592158,
BRISK-FREAK,Frame8,13.790126,13.139835,0.650291,
BRISK-FREAK,Frame9,12.058994,10.771062,1.287932,
BRISK-FREAK,Frame10,11.864185,8.928037,2.936148,
BRISK-FREAK,Frame11,11.968197,13.803860,1.835663,
BRISK-FREAK,Frame12,9.887113,9.737035,0.150078,
BRISK-FREAK,Frame13,9.425037,8.669217,0.755820,
BRISK-FREAK,Frame14,9.302148,8.560172,0.741976,
BRISK-FREAK,Frame15,8.321200,8.885885,0.564684,
BRISK-FREAK,Frame16,8.898673,10.037357,1.138684,
BRISK-FREAK,Frame17,11.030114,7.264216,3.765898,
BRISK-FREAK,Frame18,8.535568,8.278089,0.257479,
 , , , , ,
BRISK-SIFT,Frame1,12.289100,8.326956,3.962144,
BRISK-SIFT,Frame2,13.354725,10.675335,2.679389,
BRISK-SIFT,Frame3,16.384452,9.240576,7.143876,
BRISK-SIFT,Frame4,14.076445,8.258842,5.817604,
BRISK-SIFT,Frame5,12.729945,10.098871,2.631074,
BRISK-SIFT,Frame6,13.751074,11.849060,1.902014,
BRISK-SIFT,Frame7,13.731432,8.585851,5.145581,
BRISK-SIFT,Frame8,13.790126,10.193085,3.597041,
BRISK-SIFT,Frame9,12.058994,8.951966,3.107028,
BRISK-SIFT,Frame10,11.864185,9.154733,2.709452,
BRISK-SIFT,Frame11,11.968197,11.168186,0.800011,
BRISK-SIFT,Frame12,9.887113,7.977030,1.910083,
BRISK-SIFT,Frame13,9.425037,8.385831,1.039206,
BRISK-SIFT,Frame14,9.302148,6.781626,2.520522,
BRISK-SIFT,Frame15,8.321200,6.566307,1.754893,
BRISK-SIFT,Frame16,8.898673,10.633603,1.734930,
BRISK-SIFT,Frame17,11.030114,6.471941,4.558172,
BRISK-SIFT,Frame18,8.535568,6.788905,1.746663,
 , , , , ,
ORB-BRISK,Frame1,12.289100,nan,nan,
ORB-BRISK,Frame2,13.354725,nan,nan,
ORB-BRISK,Frame3,16.384452,nan,nan,
ORB-BRISK,Frame4,14.076445,nan,nan,
ORB-BRISK,Frame5,12.729945,nan,nan,
ORB-BRISK,Frame6,13.751074,nan,nan,
ORB-BRISK,Frame7,13.731432,8.812325,4.919107,
ORB-BRISK,Frame8,13.790126,8.878723,4.911403,
ORB-BRISK,Frame9,12.058994,8.735540,3.323454,
ORB-BRISK,Frame10,11.864185,8.457928,3.406258,
ORB-BRISK,Frame11,11.968197,7.106591,4.861606,
ORB-BRISK,Frame12,9.887113,13.035852,3.148739,
ORB-BRISK,Frame13,9.425037,6.244465,3.180572,
ORB-BRISK,Frame14,9.302148,8.992389,0.309758,
ORB-BRISK,Frame15,8.321200,8.973947,0.652746,
ORB-BRISK,Frame16,8.898673,13.857238,4.958564,
ORB-BRISK,Frame17,11.030114,6.239917,4.790196,
ORB-BRISK,Frame18,8.535568,14.049318,5.513750,
 , , , , ,
ORB-BRIEF,Frame1,12.289100,nan,nan,
ORB-BRIEF,Frame2,13.354725,nan,nan,
ORB-BRIEF,Frame3,16.384452,nan,nan,
ORB-BRIEF,Frame4,14.076445,nan,nan,
ORB-BRIEF,Frame5,12.729945,nan,nan,
ORB-BRIEF,Frame6,13.751074,nan,nan,
ORB-BRIEF,Frame7,13.731432,17.888430,4.156998,
ORB-BRIEF,Frame8,13.790126,10.154096,3.636030,
ORB-BRIEF,Frame9,12.058994,8.492768,3.566226,
ORB-BRIEF,Frame10,11.864185,11.017343,0.846842,
ORB-BRIEF,Frame11,11.968197,5.882714,6.085483,
ORB-BRIEF,Frame12,9.887113,16.756369,6.869256,
ORB-BRIEF,Frame13,9.425037,6.489319,2.935718,
ORB-BRIEF,Frame14,9.302148,12.668455,3.366308,
ORB-BRIEF,Frame15,8.321200,19.841049,11.519849,
ORB-BRIEF,Frame16,8.898673,5.799765,3.098908,
ORB-BRIEF,Frame17,11.030114,6.936986,4.093127,
ORB-BRIEF,Frame18,8.535568,17.360203,8.824635,
 , , , , ,
ORB-ORB,Frame1,12.289100,nan,nan,
ORB-ORB,Frame2,13.354725,nan,nan,
ORB-ORB,Frame3,16.384452,nan,nan,
ORB-ORB,Frame4,14.076445,nan,nan,
ORB-ORB,Frame5,12.729945,nan,nan,
ORB-ORB,Frame6,13.751074,nan,nan,
ORB-ORB,Frame7,13.731432,10.280005,3.451427,
ORB-ORB,Frame8,13.790126,8.878723,4.911403,
ORB-ORB,Frame9,12.058994,8.735540,3.323454,
ORB-ORB,Frame10,11.864185,10.150110,1.714075,
ORB-ORB,Frame11,11.968197,7.074582,4.893615,
ORB-ORB,Frame12,9.887113,13.035852,3.148739,
ORB-ORB,Frame13,9.425037,7.199498,2.225539,
ORB-ORB,Frame14,9.302148,8.992389,0.309758,
ORB-ORB,Frame15,8.321200,13.442762,5.121562,
ORB-ORB,Frame16,8.898673,13.857238,4.958564,
ORB-ORB,Frame17,11.030114,5.433015,5.597098,
ORB-ORB,Frame18,8.535568,14.049318,5.513750,
 , , , , ,
ORB-FREAK,Frame1,12.289100,nan,nan,
ORB-FREAK,Frame2,13.354725,nan,nan,
ORB-FREAK,Frame3,16.384452,nan,nan,
ORB-FREAK,Frame4,14.076445,nan,nan,
ORB-FREAK,Frame5,12.729945,nan,nan,
ORB-FREAK,Frame6,13.751074,nan,nan,
ORB-FREAK,Frame7,13.731432,12.127001,1.604431,
ORB-FREAK,Frame8,13.790126,8.878723,4.911403,
ORB-FREAK,Frame9,12.058994,8.976332,3.082662,
ORB-FREAK,Frame10,11.864185,30.599634,18.735449,
ORB-FREAK,Frame11,11.968197,7.106591,4.861606,
ORB-FREAK,Frame12,9.887113,13.742673,3.855560,
ORB-FREAK,Frame13,9.425037,6.244465,3.180572,
ORB-FREAK,Frame14,9.302148,8.887877,0.414271,
ORB-FREAK,Frame15,8.321200,8.418762,0.097562,
ORB-FREAK,Frame16,8.898673,22.200781,13.302108,
ORB-FREAK,Frame17,11.030114,4.562873,6.467241,
ORB-FREAK,Frame18,8.535568,9.307218,0.771650,
 , , , , ,
ORB-SIFT,Frame1,12.289100,nan,nan,
ORB-SIFT,Frame2,13.354725,nan,nan,
ORB-SIFT,Frame3,16.384452,nan,nan,
ORB-SIFT,Frame4,14.076445,nan,nan,
ORB-SIFT,Frame5,12.729945,nan,nan,
ORB-SIFT,Frame6,13.751074,nan,nan,
ORB-SIFT,Frame7,13.731432,8.812325,4.919107,
ORB-SIFT,Frame8,13.790126,8.878723,4.911403,
ORB-SIFT,Frame9,12.058994,8.675109,3.383885,
ORB-SIFT,Frame10,11.864185,31.558086,19.693901,
ORB-SIFT,Frame11,11.968197,7.106591,4.861606,
ORB-SIFT,Frame12,9.887113,13.035852,3.148739,
ORB-SIFT,Frame13,9.425037,7.171012,2.254025,
ORB-SIFT,Frame14,9.302148,8.992389,0.309758,
ORB-SIFT,Frame15,8.321200,8.973947,0.652746,
ORB-SIFT,Frame16,8.898673,7.568012,1.330661,
ORB-SIFT,Frame17,11.030114,6.239917,4.790196,
ORB-SIFT,Frame18,8.535568,14.049318,5.513750,
 , , , , ,
AKAZE-BRISK,Frame1,12.289100,13.486661,1.197561,
AKAZE-BRISK,Frame2,13.354725,17.945125,4.590400,
AKAZE-BRISK,Frame3,16.384452,14.571636,1.812816,
AKAZE-BRISK,Frame4,14.076445,16.011780,1.935335,
AKAZE-BRISK,Frame5,12.729945,16.348766,3.618820,
AKAZE-BRISK,Frame6,13.751074,16.894484,3.143410,
AKAZE-BRISK,Frame7,13.731432,18.591341,4.859909,
AKAZE-BRISK,Frame8,13.790126,15.806338,2.016212,
AKAZE-BRISK,Frame9,12.058994,17.090882,5.031888,
AKAZE-BRISK,Frame10,11.864185,13.655908,1.791722,
AKAZE-BRISK,Frame11,11.968197,12.325633,0.357436,
AKAZE-BRISK,Frame12,9.887113,11.566849,1.679736,
AKAZE-BRISK,Frame13,9.425037,11.185841,1.760804,
AKAZE-BRISK,Frame14,9.302148,10.363091,1.060943,
AKAZE-BRISK,Frame15,8.321200,10.249825,1.928625,
AKAZE-BRISK,Frame16,8.898673,9.560120,0.661447,
AKAZE-BRISK,Frame17,11.030114,9.800490,1.229623,
AKAZE-BRISK,Frame18,8.535568,8.883151,0.347583,
 , , , , ,
AKAZE-BRIEF,Frame1,12.289100,13.732873,1.443773,
AKAZE-BRIEF,Frame2,13.354725,17.657106,4.302381,
AKAZE-BRIEF,Frame3,16.384452,13.518678,2.865775,
AKAZE-BRIEF,Frame4,14.076445,15.984695,1.908250,
AKAZE-BRIEF,Frame5,12.729945,16.418764,3.688819,
AKAZE-BRIEF,Frame6,13.751074,16.267312,2.516238,
AKAZE-BRIEF,Frame7,13.731432,18.894559,5.163127,
AKAZE-BRIEF,Frame8,13.790126,15.479275,1.689149,
AKAZE-BRIEF,Frame9,12.058994,16.979306,4.920312,
AKAZE-BRIEF,Frame10,11.864185,14.740124,2.875939,
AKAZE-BRIEF,Frame11,11.968197,12.604016,0.635819,
AKAZE-BRIEF,Frame12,9.887113,11.637167,1.750054,
AKAZE-BRIEF,Frame13,9.425037,11.110040,1.685003,
AKAZE-BRIEF,Frame14,9.302148,9.979206,0.677058,
AKAZE-BRIEF,Frame15,8.321200,9.857832,1.536631,
AKAZE-BRIEF,Frame16,8.898673,9.176949,0.278276,
AKAZE-BRIEF,Frame17,11.030114,9.192274,1.837840,
AKAZE-BRIEF,Frame18,8.535568,8.522229,0.013339,
 , , , , ,
AKAZE-ORB,Frame1,12.289100,13.486661,1.197561,
AKAZE-ORB,Frame2,13.354725,18.170028,4.815304,
AKAZE-ORB,Frame3,16.384452,13.518678,2.865775,
AKAZE-ORB,Frame4,14.076445,16.110032,2.033587,
AKAZE-ORB,Frame5,12.729945,16.419761,3.689816,
AKAZE-ORB,Frame6,13.751074,17.236979,3.485905,
AKAZE-ORB,Frame7,13.731432,19.921221,6.189789,
AKAZE-ORB,Frame8,13.790126,15.672186,1.882060,
AKAZE-ORB,Frame9,12.058994,16.616194,4.557200,
AKAZE-ORB,Frame10,11.864185,14.872283,3.008098,
AKAZE-ORB,Frame11,11.968197,12.367659,0.399462,
AKAZE-ORB,Frame12,9.887113,11.779459,1.892346,
AKAZE-ORB,Frame13,9.425037,11.120912,1.695875,
AKAZE-ORB,Frame14,9.302148,10.345374,1.043227,
AKAZE-ORB,Frame15,8.321200,10.249825,1.928625,
AKAZE-ORB,Frame16,8.898673,9.839849,0.941176,
AKAZE-ORB,Frame17,11.030114,9.753410,1.276704,
AKAZE-ORB,Frame18,8.535568,8.798442,0.262874,
 , , , , ,
AKAZE-FREAK,Frame1,12.289100,13.732873,1.443773,
AKAZE-FREAK,Frame2,13.354725,17.646018,4.291294,
AKAZE-FREAK,Frame3,16.384452,14.690160,1.694292,
AKAZE-FREAK,Frame4,14.076445,17.012313,2.935868,
AKAZE-FREAK,Frame5,12.729945,16.235013,3.505067,
AKAZE-FREAK,Frame6,13.751074,16.985180,3.234106,
AKAZE-FREAK,Frame7,13.731432,18.420460,4.689028,
AKAZE-FREAK,Frame8,13.790126,15.336710,1.546584,
AKAZE-FREAK,Frame9,12.058994,17.090882,5.031888,
AKAZE-FREAK,Frame10,11.864185,13.957518,2.093333,
AKAZE-FREAK,Frame11,11.968197,12.512985,0.544788,
AKAZE-FREAK,Frame12,9.887113,11.629622,1.742509,
AKAZE-FREAK,Frame13,9.425037,11.252102,1.827065,
AKAZE-FREAK,Frame14,9.302148,10.549107,1.246959,
AKAZE-FREAK,Frame15,8.321200,9.567316,1.246116,
AKAZE-FREAK,Frame16,8.898673,8.813457,0.085216,
AKAZE-FREAK,Frame17,11.030114,9.332942,1.697172,
AKAZE-FREAK,Frame18,8.535568,8.817902,0.282334,
 , , , , ,
AKAZE-SIFT,Frame1,12.289100,13.486661,1.197561,
AKAZE-SIFT,Frame2,13.354725,17.657106,4.302381,
AKAZE-SIFT,Frame3,16.384452,14.097089,2.287363,
AKAZE-SIFT,Frame4,14.076445,17.427108,3.350663,
AKAZE-SIFT,Frame5,12.729945,16.419761,3.689816,
AKAZE-SIFT,Frame6,13.751074,17.236979,3.485905,
AKAZE-SIFT,Frame7,13.731432,19.498427,5.766995,
AKAZE-SIFT,Frame8,13.790126,15.580770,1.790644,
AKAZE-SIFT,Frame9,12.058994,16.681752,4.622758,
AKAZE-SIFT,Frame10,11.864185,13.957518,2.093333,
AKAZE-SIFT,Frame11,11.968197,12.854040,0.885843,
AKAZE-SIFT,Frame12,9.887113,12.113026,2.225913,
AKAZE-SIFT,Frame13,9.425037,11.120912,1.695875,
AKAZE-SIFT,Frame14,9.302148,10.307339,1.005191,
AKAZE-SIFT,Frame15,8.321200,10.537315,2.216115,
AKAZE-SIFT,Frame16,8.898673,9.336379,0.437706,
AKAZE-SIFT,Frame17,11.030114,9.636986,1.393128,
AKAZE-SIFT,Frame18,8.535568,8.883151,0.347583,
 , , , , ,
SIFT-BRISK,Frame1,12.289100,11.638045,0.651055,
SIFT-BRISK,Frame2,13.354725,13.045436,0.309289,
SIFT-BRISK,Frame3,16.384452,12.121773,4.262679,
SIFT-BRISK,Frame4,14.076445,20.303242,6.226797,
SIFT-BRISK,Frame5,12.729945,12.371803,0.358142,
SIFT-BRISK,Frame6,13.751074,10.291592,3.459482,
SIFT-BRISK,Frame7,13.731432,14.794088,1.062656,
SIFT-BRISK,Frame8,13.790126,14.271210,0.481084,
SIFT-BRISK,Frame9,12.058994,10.797864,1.261130,
SIFT-BRISK,Frame10,11.864185,9.471864,2.392322,
SIFT-BRISK,Frame11,11.968197,11.102470,0.865727,
SIFT-BRISK,Frame12,9.887113,11.490856,1.603743,
SIFT-BRISK,Frame13,9.425037,9.903050,0.478013,
SIFT-BRISK,Frame14,9.302148,9.591624,0.289476,
SIFT-BRISK,Frame15,8.321200,8.844528,0.523328,
SIFT-BRISK,Frame16,8.898673,9.593200,0.694526,
SIFT-BRISK,Frame17,11.030114,10.135888,0.894225,
SIFT-BRISK,Frame18,8.535568,8.047336,0.488232,
 , , , , ,
SIFT-BRIEF,Frame1,12.289100,11.629071,0.660029,
SIFT-BRIEF,Frame2,13.354725,11.682748,1.671977,
SIFT-BRIEF,Frame3,16.384452,12.121773,4.262679,
SIFT-BRIEF,Frame4,14.076445,19.927343,5.850897,
SIFT-BRIEF,Frame5,12.729945,11.853296,0.876649,
SIFT-BRIEF,Frame6,13.751074,9.804839,3.946235,
SIFT-BRIEF,Frame7,13.731432,14.053083,0.321651,
SIFT-BRIEF,Frame8,13.790126,12.669516,1.120610,
SIFT-BRIEF,Frame9,12.058994,11.164582,0.894412,
SIFT-BRIEF,Frame10,11.864185,10.118097,1.746088,
SIFT-BRIEF,Frame11,11.968197,12.404115,0.435918,
SIFT-BRIEF,Frame12,9.887113,10.474820,0.587707,
SIFT-BRIEF,Frame13,9.425037,10.147067,0.722030,
SIFT-BRIEF,Frame14,9.302148,9.041241,0.260906,
SIFT-BRIEF,Frame15,8.321200,8.548073,0.226872,
SIFT-BRIEF,Frame16,8.898673,8.934080,0.035406,
SIFT-BRIEF,Frame17,11.030114,10.135888,0.894225,
SIFT-BRIEF,Frame18,8.535568,7.546174,0.989394,
 , , , , ,
SIFT-FREAK,Frame1,12.289100,11.732854,0.556246,
SIFT-FREAK,Frame2,13.354725,14.692051,1.337326,
SIFT-FREAK,Frame3,16.384452,12.954651,3.429802,
SIFT-FREAK,Frame4,14.076445,22.532259,8.455814,
SIFT-FREAK,Frame5,12.729945,14.212164,1.482219,
SIFT-FREAK,Frame6,13.751074,11.611273,2.139801,
SIFT-FREAK,Frame7,13.731432,14.901018,1.169586,
SIFT-FREAK,Frame8,13.790126,14.657305,0.867180,
SIFT-FREAK,Frame9,12.058994,11.917434,0.141560,
SIFT-FREAK,Frame10,11.864185,10.890531,0.973655,
SIFT-FREAK,Frame11,11.968197,12.059933,0.091735,
SIFT-FREAK,Frame12,9.887113,10.875228,0.988114,
SIFT-FREAK,Frame13,9.425037,9.377919,0.047118,
SIFT-FREAK,Frame14,9.302148,8.484248,0.817900,
SIFT-FREAK,Frame15,8.321200,9.121832,0.800632,
SIFT-FREAK,Frame16,8.898673,9.317570,0.418896,
SIFT-FREAK,Frame17,11.030114,9.076054,1.954059,
SIFT-FREAK,Frame18,8.535568,8.220228,0.315340,
 , , , , ,
SIFT-SIFT,Frame1,12.289100,11.638045,0.651055,
SIFT-SIFT,Frame2,13.354725,12.560479,0.794246,
SIFT-SIFT,Frame3,16.384452,13.066063,3.318389,
SIFT-SIFT,Frame4,14.076445,20.303242,6.226797,
SIFT-SIFT,Frame5,12.729945,12.371803,0.358142,
SIFT-SIFT,Frame6,13.751074,10.092705,3.658369,
SIFT-SIFT,Frame7,13.731432,14.912947,1.181515,
SIFT-SIFT,Frame8,13.790126,13.506948,0.283178,
SIFT-SIFT,Frame9,12.058994,10.797864,1.261130,
SIFT-SIFT,Frame10,11.864185,9.998597,1.865588,
SIFT-SIFT,Frame11,11.968197,12.054515,0.086318,
SIFT-SIFT,Frame12,9.887113,11.949105,2.061992,
SIFT-SIFT,Frame13,9.425037,10.170998,0.745961,
SIFT-SIFT,Frame14,9.302148,9.731515,0.429367,
SIFT-SIFT,Frame15,8.321200,9.053977,0.732777,
SIFT-SIFT,Frame16,8.898673,9.580399,0.681726,
SIFT-SIFT,Frame17,11.030114,10.135888,0.894225,
SIFT-SIFT,Frame18,8.535568,8.047336,0.488232,
 , , , , ,
